{"cameraMode":{"drawMode":0,"name":"Shaded","section":"Shading Mode"},"sceneLighting":true,"audioPlay":false,"sceneViewState":{"showFog":true,"showMaterialUpdate":false,"showSkybox":true,"showFlares":true,"showImageEffects":true,"showParticleSystems":true},"in2DMode":false,"pivot":{"x":4.5107574462890629,"y":-4.084178924560547,"z":1.4903278350830079},"rotation":{"x":0.22925308346748353,"y":0.6077638864517212,"z":-0.18920919299125672,"w":0.7363871932029724},"size":34.16532897949219,"orthographic":false}