{"cameraMode":{"drawMode":0,"name":"Shaded","section":"Shading Mode"},"sceneLighting":false,"audioPlay":false,"sceneViewState":{"showFog":true,"showMaterialUpdate":false,"showSkybox":true,"showFlares":true,"showImageEffects":true,"showParticleSystems":true},"in2DMode":false,"pivot":{"x":5.13138484954834,"y":-2.4771697521209719,"z":1.4383381605148316},"rotation":{"x":0.15790507197380067,"y":0.6807483434677124,"z":-0.15388129651546479,"w":0.6985473036766052},"size":9.323168754577637,"orthographic":false}