{"cameraMode":{"drawMode":0,"name":"Shaded","section":"Shading Mode"},"sceneLighting":false,"audioPlay":false,"sceneViewState":{"showFog":true,"showMaterialUpdate":false,"showSkybox":true,"showFlares":true,"showImageEffects":true,"showParticleSystems":true},"in2DMode":false,"pivot":{"x":-1.8546370267868043,"y":0.9617164134979248,"z":-0.11765550076961518},"rotation":{"x":0.11734601110219956,"y":0.6491110324859619,"z":-0.10229761153459549,"w":0.7445939183235169},"size":0.6000572443008423,"orthographic":false}