{"cameraMode":{"drawMode":0,"name":"Shaded","section":"Shading Mode"},"sceneLighting":false,"audioPlay":false,"sceneViewState":{"showFog":true,"showMaterialUpdate":false,"showSkybox":true,"showFlares":true,"showImageEffects":true,"showParticleSystems":true},"in2DMode":false,"pivot":{"x":5.042121887207031,"y":-0.9762617945671082,"z":2.290781259536743},"rotation":{"x":0.10798166692256928,"y":0.6569266319274902,"z":-0.09585986286401749,"w":0.7399988174438477},"size":16.3783016204834,"orthographic":false}