{"cameraMode":{"drawMode":0,"name":"Shaded","section":"Shading Mode"},"sceneLighting":false,"audioPlay":false,"sceneViewState":{"showFog":true,"showMaterialUpdate":false,"showSkybox":true,"showFlares":true,"showImageEffects":true,"showParticleSystems":true},"in2DMode":false,"pivot":{"x":0.05162620544433594,"y":8.048280715942383,"z":1.0763683319091797},"rotation":{"x":-0.0675051212310791,"y":0.932070791721344,"z":-0.26581382751464846,"w":-0.23670683801174165},"size":7.976239204406738,"orthographic":false}